"JobName","Category","PropertyName","Value"
"Dev2","Schedule","BackupCompetitionWaitingUnit","Hours"
"Dev2","Schedule","BackupAtStartup","False"
"Dev2","Schedule","BackupAtLogoff","False"
"Dev2","Schedule","BackupAtLock","False"
"Dev2","Schedule","BackupAtStorageAttach","False"
"Dev2","Schedule","LimitBackupsFrequency","False"
"Dev2","Schedule","MaxBackupsFrequency","2"
"Dev2","Schedule","FrequencyTimeUnit","Hour"
"Dev2","Schedule","EjectRemovableStorageOnBackupComplete","False"
"Dev2","Schedule","ResumeMissedBackup","False"
"Dev2","Schedule","IsServerMode","False"
"Dev2","Schedule","IsFakeSchedule","True"
"Dev2","Schedule","OptionsDaily","{""Enabled"":true,""Kind"":0,""DaysSrv"":[1,2,3,4,5,6,0],""TimeLocal"":""2026-10-04T22:00:00"",""CompMode"":0}"
"Dev2","Schedule","OptionsMonthly","{""DayOfMonth"":{""Value"":1,""Day"":1,""IsLast"":false},""Enabled"":false,""TimeLocal"":""2026-10-04T22:00:00"",""DayNumberInMonth"":4,""DayOfWeek"":6,""Months"":[1,2,3,4,5,6,7,8,9,10,11,12]}"
"Dev2","Schedule","OptionsPeriodically","{""Enabled"":false,""Kind"":0,""FullPeriod"":60,""Schedule"":""<scheduler><Sunday>0,0,0,0,0,0,0,0,0,0,0,0,0,0,0,0,0,0,0,0,0,0,0,0</Sunday><Monday>0,0,0,0,0,0,0,0,0,0,0,0,0,0,0,0,0,0,0,0,0,0,0,0</Monday><Tuesday>0,0,0,0,0,0,0,0,0,0,0,0,0,0,0,0,0,0,0,0,0,0,0,0</Tuesday><Wednesday>0,0,0,0,0,0,0,0,0,0,0,0,0,0,0,0,0,0,0,0,0,0,0,0</Wednesday><Thursday>0,0,0,0,0,0,0,0,0,0,0,0,0,0,0,0,0,0,0,0,0,0,0,0</Thursday><Friday>0,0,0,0,0,0,0,0,0,0,0,0,0,0,0,0,0,0,0,0,0,0,0,0</Friday><Saturday>0,0,0,0,0,0,0,0,0,0,0,0,0,0,0,0,0,0,0,0,0,0,0,0</Saturday></scheduler>"",""HourlyOffset"":0,""Unit"":1}"
"Dev2","Schedule","OptionsContinuous","{""IsContinuousLocally"":false,""Enabled"":false,""Schedule"":""<scheduler><Sunday>0,0,0,0,0,0,0,0,0,0,0,0,0,0,0,0,0,0,0,0,0,0,0,0</Sunday><Monday>0,0,0,0,0,0,0,0,0,0,0,0,0,0,0,0,0,0,0,0,0,0,0,0</Monday><Tuesday>0,0,0,0,0,0,0,0,0,0,0,0,0,0,0,0,0,0,0,0,0,0,0,0</Tuesday><Wednesday>0,0,0,0,0,0,0,0,0,0,0,0,0,0,0,0,0,0,0,0,0,0,0,0</Wednesday><Thursday>0,0,0,0,0,0,0,0,0,0,0,0,0,0,0,0,0,0,0,0,0,0,0,0</Thursday><Friday>0,0,0,0,0,0,0,0,0,0,0,0,0,0,0,0,0,0,0,0,0,0,0,0</Friday><Saturday>0,0,0,0,0,0,0,0,0,0,0,0,0,0,0,0,0,0,0,0,0,0,0,0</Saturday></scheduler>""}"
"Dev2","Schedule","OptionsBackupWindow","{""IsEnabled"":false,""BackupWindow"":"""",""IsIgnored"":false}"
"Dev2","Schedule","NextRun",""
"Dev2","Schedule","LatestRunLocal","10/04/2026 07:56:54"
"Dev2","Schedule","LatestRecheckLocal","01/01/0001 00:00:00"
"Dev2","Schedule","StartDateTimeLocal","10/04/2026 08:05:47"
"Dev2","Schedule","EndDateTimeSpecified","False"
"Dev2","Schedule","EndDateTimeLocal","10/06/2026 08:00:47"
"Dev2","Schedule","RepeatSpecified","False"
"Dev2","Schedule","RepeatNumber","1"
"Dev2","Schedule","RepeatTimeUnit","hour(s)"
"Dev2","Schedule","RepeatTimeUnitMs","3600000"
"Dev2","Schedule","RetryTimes","3"
"Dev2","Schedule","RetryTimeout","10"
"Dev2","Schedule","RetrySpecified","True"
"Dev2","Schedule","WaitForBackupCompletion","True"
"Dev2","Schedule","BackupCompetitionWaitingPeriodMin","180"
"Dev2","Schedule","IsContinuous","False"
"Dev2","Schedule","IsCdp","False"
"Dev2","Schedule","CdpPeriodicallyRpo",
"Dev2","Schedule","MarkPolicyWarningOnRpoExceeded",
"Dev2","Schedule","MarkPolicyFailedOnRpoExceeded",
"Dev2","Schedule","CdpPeriodicallyShortTerm",
"Dev2","Schedule","CdpPeriodicallyLongTerm",
"Dev2","Schedule","CdpRetentionDays","0"
"Dev2","Schedule","CdpRetentionMinutes","0"
"Dev2","Schedule","OptionsScheduleAfterJob","{""IsEnabled"":false}"
"rhel10-dev","Schedule","BackupCompetitionWaitingUnit","Hours"
"rhel10-dev","Schedule","BackupAtStartup","False"
"rhel10-dev","Schedule","BackupAtLogoff","False"
"rhel10-dev","Schedule","BackupAtLock","False"
"rhel10-dev","Schedule","BackupAtStorageAttach","False"
"rhel10-dev","Schedule","LimitBackupsFrequency","False"
"rhel10-dev","Schedule","MaxBackupsFrequency","2"
"rhel10-dev","Schedule","FrequencyTimeUnit","Hour"
"rhel10-dev","Schedule","EjectRemovableStorageOnBackupComplete","False"
"rhel10-dev","Schedule","ResumeMissedBackup","False"
"rhel10-dev","Schedule","IsServerMode","False"
"rhel10-dev","Schedule","IsFakeSchedule","False"
"rhel10-dev","Schedule","OptionsDaily","{""Enabled"":true,""Kind"":0,""DaysSrv"":[1,2,3,4,5,6,0],""TimeLocal"":""2026-10-04T22:00:00"",""CompMode"":0}"
"rhel10-dev","Schedule","OptionsMonthly","{""DayOfMonth"":{""Value"":1,""Day"":1,""IsLast"":false},""Enabled"":false,""TimeLocal"":""2026-10-04T22:00:00"",""DayNumberInMonth"":4,""DayOfWeek"":6,""Months"":[1,2,3,4,5,6,7,8,9,10,11,12]}"
"rhel10-dev","Schedule","OptionsPeriodically","{""Enabled"":false,""Kind"":0,""FullPeriod"":60,""Schedule"":""<scheduler><Sunday>0,0,0,0,0,0,0,0,0,0,0,0,0,0,0,0,0,0,0,0,0,0,0,0</Sunday><Monday>0,0,0,0,0,0,0,0,0,0,0,0,0,0,0,0,0,0,0,0,0,0,0,0</Monday><Tuesday>0,0,0,0,0,0,0,0,0,0,0,0,0,0,0,0,0,0,0,0,0,0,0,0</Tuesday><Wednesday>0,0,0,0,0,0,0,0,0,0,0,0,0,0,0,0,0,0,0,0,0,0,0,0</Wednesday><Thursday>0,0,0,0,0,0,0,0,0,0,0,0,0,0,0,0,0,0,0,0,0,0,0,0</Thursday><Friday>0,0,0,0,0,0,0,0,0,0,0,0,0,0,0,0,0,0,0,0,0,0,0,0</Friday><Saturday>0,0,0,0,0,0,0,0,0,0,0,0,0,0,0,0,0,0,0,0,0,0,0,0</Saturday></scheduler>"",""HourlyOffset"":0,""Unit"":1}"
"rhel10-dev","Schedule","OptionsContinuous","{""IsContinuousLocally"":false,""Enabled"":false,""Schedule"":""<scheduler><Sunday>0,0,0,0,0,0,0,0,0,0,0,0,0,0,0,0,0,0,0,0,0,0,0,0</Sunday><Monday>0,0,0,0,0,0,0,0,0,0,0,0,0,0,0,0,0,0,0,0,0,0,0,0</Monday><Tuesday>0,0,0,0,0,0,0,0,0,0,0,0,0,0,0,0,0,0,0,0,0,0,0,0</Tuesday><Wednesday>0,0,0,0,0,0,0,0,0,0,0,0,0,0,0,0,0,0,0,0,0,0,0,0</Wednesday><Thursday>0,0,0,0,0,0,0,0,0,0,0,0,0,0,0,0,0,0,0,0,0,0,0,0</Thursday><Friday>0,0,0,0,0,0,0,0,0,0,0,0,0,0,0,0,0,0,0,0,0,0,0,0</Friday><Saturday>0,0,0,0,0,0,0,0,0,0,0,0,0,0,0,0,0,0,0,0,0,0,0,0</Saturday></scheduler>""}"
"rhel10-dev","Schedule","OptionsBackupWindow","{""IsEnabled"":false,""BackupWindow"":"""",""IsIgnored"":false}"
"rhel10-dev","Schedule","NextRun","2026/10/10 22:00:00"
"rhel10-dev","Schedule","LatestRunLocal","10/04/2026 20:20:00"
"rhel10-dev","Schedule","LatestRecheckLocal","01/01/0001 00:00:00"
"rhel10-dev","Schedule","StartDateTimeLocal","10/04/2026 20:25:00"
"rhel10-dev","Schedule","EndDateTimeSpecified","False"
"rhel10-dev","Schedule","EndDateTimeLocal","10/06/2026 20:20:00"
"rhel10-dev","Schedule","RepeatSpecified","False"
"rhel10-dev","Schedule","RepeatNumber","1"
"rhel10-dev","Schedule","RepeatTimeUnit","hour(s)"
"rhel10-dev","Schedule","RepeatTimeUnitMs","3600000"
"rhel10-dev","Schedule","RetryTimes","3"
"rhel10-dev","Schedule","RetryTimeout","10"
"rhel10-dev","Schedule","RetrySpecified","True"
"rhel10-dev","Schedule","WaitForBackupCompletion","True"
"rhel10-dev","Schedule","BackupCompetitionWaitingPeriodMin","180"
"rhel10-dev","Schedule","IsContinuous","False"
"rhel10-dev","Schedule","IsCdp","False"
"rhel10-dev","Schedule","CdpPeriodicallyRpo",
"rhel10-dev","Schedule","MarkPolicyWarningOnRpoExceeded",
"rhel10-dev","Schedule","MarkPolicyFailedOnRpoExceeded",
"rhel10-dev","Schedule","CdpPeriodicallyShortTerm",
"rhel10-dev","Schedule","CdpPeriodicallyLongTerm",
"rhel10-dev","Schedule","CdpRetentionDays","0"
"rhel10-dev","Schedule","CdpRetentionMinutes","0"
"rhel10-dev","Schedule","OptionsScheduleAfterJob","{""IsEnabled"":false}"
